{"64_64_4": {"3_iter": [2.612584886775762e-06, 0.001073892495783927], "per_iter": [1.6279368280751903e-07, 6.940522142887131e-05]}, "64_16_4": {"3_iter": [2.3651989341397037e-06, 0.01219026865601334], "per_iter": [8.872757701694509e-08, 0.00010809740026166896]}}